<?xml version="1.0" encoding="UTF-8"?>
<ti:module xmlns:ti="http://ti.appcelerator.org" xmlns:android="http://schemas.android.com/apk/res/android">
	<!--
		Similar to tiapp.xml, but contains module/platform specific
		configuration in <iphone>, <android>, and <mobileweb> sections
	-->
	<iphone>
	</iphone>
	<android xmlns:android="http://schemas.android.com/apk/res/android">
    <manifest android:versionCode="7" android:versionName="1.1.0">
    	<application>
    		<activity android:name="com.soundcloud.android.crop.CropImageActivity" />
    	</application>
    </manifest>
	</android>
	<mobileweb>
	</mobileweb>
</ti:module>
